<?xml version="1.0" encoding="utf-8"?>
<!DOCTYPE hibernate-mapping PUBLIC "-//Hibernate/Hibernate Mapping DTD 3.0//EN"
"http://www.hibernate.org/dtd/hibernate-mapping-3.0.dtd">
<!-- 
    Mapping file autogenerated by MyEclipse Persistence Tools
-->
<hibernate-mapping>
    <class name="com.park.model.Customerinfo" table="customerinfo" catalog="park">
        <id name="idcard" type="java.lang.String">
            <column name="IDcard" length="18" />
            <generator class="assigned" />
        </id>
        <many-to-one name="login" class="com.park.model.Login" fetch="select">
            <column name="userName" length="10" not-null="true" />
        </many-to-one>
        <property name="name" type="java.lang.String">
            <column name="name" length="20" not-null="true" />
        </property>
        <property name="sex" type="java.lang.String">
            <column name="sex" length="1" not-null="true" />
        </property>
        <property name="phoneNumber" type="java.lang.String">
            <column name="phoneNumber" length="11" not-null="true" />
        </property>
        <set name="parkspaces" inverse="true">
            <key>
                <column name="presentCustomer" length="18" not-null="true" />
            </key>
            <one-to-many class="com.park.model.Parkspace" />
        </set>
    </class>
</hibernate-mapping>
