<?xml version="1.0" encoding="utf-8"?>
<!DOCTYPE hibernate-mapping PUBLIC "-//Hibernate/Hibernate Mapping DTD 3.0//EN"
"http://www.hibernate.org/dtd/hibernate-mapping-3.0.dtd">
<!-- 
    Mapping file autogenerated by MyEclipse Persistence Tools
-->
<hibernate-mapping>
    <class name="com.park.model.Login" table="login" catalog="park">
        <id name="userName" type="java.lang.String">
            <column name="userName" length="10" />
            <generator class="assigned" />
        </id>
        <property name="passWord" type="java.lang.String">
            <column name="passWord" length="10" not-null="true" />
        </property>
        <property name="role" type="java.lang.Integer">
            <column name="role" not-null="true" />
        </property>
        <set name="customerinfos" inverse="true">
            <key>
                <column name="userName" length="10" not-null="true" />
            </key>
            <one-to-many class="com.park.model.Customerinfo" />
        </set>
    </class>
</hibernate-mapping>
