<?xml version="1.0" encoding="utf-8"?>
<!DOCTYPE hibernate-mapping PUBLIC "-//Hibernate/Hibernate Mapping DTD 3.0//EN"
"http://www.hibernate.org/dtd/hibernate-mapping-3.0.dtd">
<!-- 
    Mapping file autogenerated by MyEclipse Persistence Tools
-->
<hibernate-mapping>
    <class name="com.park.model.Parkspace" table="parkspace" catalog="park">
        <id name="parkSpaceId" type="java.lang.String">
            <column name="parkSpaceID" length="10" />
            <generator class="assigned" />
        </id>
        <many-to-one name="customerinfo" class="com.park.model.Customerinfo" fetch="select">
            <column name="presentCustomer" length="18" not-null="true" />
        </many-to-one>
        <property name="location" type="java.lang.String">
            <column name="location" length="10" not-null="true" />
        </property>
        <property name="ifIdle" type="java.lang.String">
            <column name="ifIdle" length="1" not-null="true" />
        </property>
    </class>
</hibernate-mapping>
